title,company,location,link
new,Unizin,+1 locationRemote,https://www.indeed.com/viewjob?jk=e5f2fd4bd2f9101f
new,Highbrow-Tech,Remote,https://www.indeed.com/viewjob?jk=708c0fa500eb52c4
new,Piper Companies,+2 locationsRemote,https://www.indeed.com/viewjob?jk=9147fd57a9269471
new,University of Texas at Austin,"Austin, TX 78712 (University of Texas area)+2 locations",https://www.indeed.com/viewjob?jk=4377f8a569003e82
Python Engineer,HealthVerity,Remote,https://www.indeed.com/viewjob?jk=85708fc0a3954237
new,Infosys,+7 locationsRemote,https://www.indeed.com/viewjob?jk=cec67f8647d82d05
new,InBody,Remote,https://www.indeed.com/viewjob?jk=628b12a20d0b9d61
Software Development (All Levels),Insurity,Remote,https://www.indeed.com/viewjob?jk=676599852a737304
new,Grant Street Group,Remote,https://www.indeed.com/viewjob?jk=8dab312898a86174
Python Backend Software Engineer,Beautylish Inc.,Remote,https://www.indeed.com/viewjob?jk=a93dea95ca20e385
PYTHON DEVELOPER,Netresolute,"Philadelphia, PA",https://www.indeed.com/viewjob?jk=ed8dbcbf202e6f4e
new,Assurit,Remote,https://www.indeed.com/viewjob?jk=5bf6251a6dd8c4b4
new,Hearst Media Services,"New York, NY 10019 (Midtown area)",https://www.indeed.com/viewjob?jk=2a8ec200390c9cf9
new,Park University Adjuncts,"Spokane, WA+2 locations",https://www.indeed.com/viewjob?jk=ddb3c7860ed551bf
Software Engineer (Remote),GapJumpers,"Remote in San Francisco, CA",https://www.indeed.com/viewjob?jk=baaa8a0c1f573f17
Python Developer,Agama Solutions,"Remote in San Francisco, CA+1 location",https://www.indeed.com/viewjob?jk=f6a64372a5851eec
Python Developer,Crunch.io,Remote in United States,https://www.indeed.com/viewjob?jk=b616c7551b5d0f3c
new,S&P Global,"Annapolis, MD 21401+42 locations",https://www.indeed.com/viewjob?jk=943859810e249316
new,Marlabs,United States,https://www.indeed.com/viewjob?jk=940a07be6516c1d8
Data Analyst,Young Life,+1 locationRemote,https://www.indeed.com/viewjob?jk=9a405aa3d2a9215d
"Junior Technical Support, Python (Europe, Remote)",INTEL 471,Remote,https://www.indeed.com/viewjob?jk=3c71c4a62fdf588c
new,Windstream Communications,+1 locationRemote,https://www.indeed.com/viewjob?jk=35693ec4670fe4fa
new,CrowdStrike,+28 locationsRemote,https://www.indeed.com/viewjob?jk=08bcaf108f4868f1
Entry Level Business Analyst,Agama Solutions,+1 locationRemote,https://www.indeed.com/viewjob?jk=6f6a1c18da31655b
new,PNC Financial Services Group,"Remote in Pittsburgh, PA 15222+9 locations",https://www.indeed.com/viewjob?jk=2c1d77a35e4eba4d
Python Programmer,Berkley,"Greensboro, NC 27409",https://www.indeed.com/viewjob?jk=add83b961e0117a6
Python and Airflow Developer,Capgemini,+9 locationsRemote,https://www.indeed.com/viewjob?jk=44e20900df0e9bfa
Python Software Developer (100% Remote),General Dynamics Information Technology,+1 locationRemote,https://www.indeed.com/viewjob?jk=42c610ef87b0169e
Python Developer,Moove-it,Remote,https://www.indeed.com/viewjob?jk=30d2deae65d78d38
MACHINE LEARNING DATA SCIENTIST - PYTHON AND R,InspiHER Tech,Remote,https://www.indeed.com/viewjob?jk=10be5b703cba933a
Python Developer,Swan Software Solutions,"Carmel, IN",https://www.indeed.com/viewjob?jk=32eaa9e1e80e8c5d
new,Expedient Staffing Solutions Inc.,United States,https://www.indeed.com/viewjob?jk=abefd4fb9f332005
new,Reynolds and Reynolds,"College Station, TX 77840",https://www.indeed.com/viewjob?jk=7d4c7f8a5b9df9f7
new,Aquatic Capital Management,"Remote in Chicago, IL",https://www.indeed.com/viewjob?jk=5bdb3c2265c60c4a
Senior Python Developer,Six Feet Up Inc.,"Fishers, IN+1 location",https://www.indeed.com/viewjob?jk=d415983f29b3d543
Java/Python Developer,ACS Group,"New York, NY+8 locations",https://www.indeed.com/viewjob?jk=f4ca4547372e89ed
new,Tilt,"Remote in Fort Collins, CO 80525",https://www.indeed.com/viewjob?jk=7591108ab611ee17
Python Engineer,FlashParking,Remote,https://www.indeed.com/viewjob?jk=8b65b366ed011ee0
new,"Zoom Video Communications, Inc.",Remote,https://www.indeed.com/viewjob?jk=60bf0a81466b12eb
new,Piper Companies,+2 locationsRemote,https://www.indeed.com/viewjob?jk=f301dbbee76d83bb
new,Hussmann Corporation,"Portland, OR",https://www.indeed.com/viewjob?jk=0073d727e3ae06c3
Python Developer,Sofmen,"Saratoga, CA 95070",https://www.indeed.com/viewjob?jk=0b4f734af7890726
new,Devoted Health,Remote,https://www.indeed.com/viewjob?jk=463309956a02f4f9
new,Intone Networks,"Austin, TX",https://www.indeed.com/viewjob?jk=a93404b7b540a2fa
new,Humanity,"Remote in Oakland, CA",https://www.indeed.com/viewjob?jk=0a024b1239f52dcc
Back-end Engineer (Python),CartPilot.,"Chicago, IL",https://www.indeed.com/viewjob?jk=b4ac68e9141d6ba7
"Associate, YouTube",YouTube,"New York, NY",https://www.indeed.com/viewjob?jk=a19d5d6e71bffeee
new,Garmentier,Remote,https://www.indeed.com/viewjob?jk=38a2374b87cc25c3
Python Developer,Sara Technologies,"San Diego, CA 92127",https://www.indeed.com/viewjob?jk=07cc59a85ae4d228
PYTHON DEVELOPER,OC10,"Charlotte, NC 28202 (Downtown Charlotte area)",https://www.indeed.com/viewjob?jk=f26b8209c93fdd28
Associate Researcher (Data Analytics),Chapin Hall at the University of Chicago,"Remote in Chicago, IL 60637",https://www.indeed.com/viewjob?jk=1416de34badda34b
new,"JPMorgan Chase Bank, N.A.","New York, NY+61 locations",https://www.indeed.com/viewjob?jk=031e9a3c38db1d17
new,Mosaic Data Science,Remote in Virginia,https://www.indeed.com/viewjob?jk=4c20c69e85a044f2
Front End Developer with Python â€“ Networks,State Street,"Quincy, MA",https://www.indeed.com/viewjob?jk=1dfa4ffc267066e1
new,CACI,Remote in Virginia,https://www.indeed.com/viewjob?jk=58832daad7d1c9c0
PYTHON DEVELOPER,FI Consulting,"Arlington, VA 22209 (Radnor-Ft Myer Heights area)",https://www.indeed.com/viewjob?jk=246b3f90fbcdf8af
Python TL (Flask + Pandas),Adapty,"Cranford, NJ 07016",https://www.indeed.com/viewjob?jk=8916e08ae631af53
Entry-Level Software Developer,SLAC National Accelerator Laboratory,"Menlo Park, CA 94025",https://www.indeed.com/viewjob?jk=6831e0953a8aec3b
Java Automated Tester - Remote,General Dynamics Information Technology,+2 locationsRemote,https://www.indeed.com/viewjob?jk=f02134ae07cbd547
Software Engineer (Python),TechIntelli Solutions,"Des Plaines, IL",https://www.indeed.com/viewjob?jk=009669b5e3b65cfc
"CO-OP, DATA SCIENCE",PUMA,"Somerville, MA",https://www.indeed.com/viewjob?jk=16330f4d1e351799
Data Engineer + Apprentice (Entry-Level),New Apprenticeship,"Jersey City, NJ+6 locations",https://www.indeed.com/viewjob?jk=827521761b0bb70e
Python Developer,Clairvoyant,"Remote in Chandler, AZ 85226",https://www.indeed.com/viewjob?jk=c863b057044219e8
new,"Torch Technologies, Inc.","Temporarily Remote in Huntsville, AL 35802+1 location",https://www.indeed.com/viewjob?jk=1616a1f26864bcec
"Data Scientist, Spotify Advertising",Spotify,Remote in Oregon+10 locations,https://www.indeed.com/viewjob?jk=cf1dfad66649138a
new,Hussmann Corporation,"Portland, OR",https://www.indeed.com/viewjob?jk=0073d727e3ae06c3
Supply Chain Analyst,University of Texas at Austin,"Austin, TX 78712 (University of Texas area)",https://www.indeed.com/viewjob?jk=bdb6f8f87a11e219
Data Analyst,Sony Music Publishing (US) LLC,"New York, NY",https://www.indeed.com/viewjob?jk=6fdecd448dbe0536
Python Software Developer,Apple,"Cupertino, CA",https://www.indeed.com/viewjob?jk=2950644c82611143
Python Backend Software Engineer,Beautylish Inc.,Remote,https://www.indeed.com/viewjob?jk=a93dea95ca20e385
new,"Press Ganey Associates, Inc.",Remote,https://www.indeed.com/viewjob?jk=583a2e3e9a3fa7bd
Front End Developer,ALLSTACKS,"Austin, TX",https://www.indeed.com/viewjob?jk=847c6c2ed57a6f7e
Python Developer,Avani Systems,"Newark, DE",https://www.indeed.com/viewjob?jk=2adef6dc99e86686
new,Facebook App,+4 locationsRemote,https://www.indeed.com/viewjob?jk=57dd9477832a7689
new,Piper Companies,Remote,https://www.indeed.com/viewjob?jk=01ccab35a2e4b2a0
Data Analyst,Lulus.com,"Remote in Chico, CA 95928+1 location",https://www.indeed.com/viewjob?jk=3b43b35014990c56
Chemistry Data Support at EPA,ORAU,"Remote in Research Triangle Park, NC 27711",https://www.indeed.com/viewjob?jk=c111a2c94a700784
Photonics Experimentalist,Apple,"Cupertino, CA",https://www.indeed.com/viewjob?jk=8892b84708b4608a
Data Specialist,YipitData,"Remote in New York, NY",https://www.indeed.com/viewjob?jk=99aaf2d66679bf6a
Entry-Level Software Firmware Developer,Futurex,"Bulverde, TX",https://www.indeed.com/viewjob?jk=014325d13e4dff94
new,Windstream Communications,+1 locationRemote,https://www.indeed.com/viewjob?jk=35693ec4670fe4fa
new,Paralyzed Veterans of America,"Remote in Washington, DC 20006",https://www.indeed.com/viewjob?jk=44aebce545e6e580
new,Piper Companies,Remote in North Carolina+1 location,https://www.indeed.com/viewjob?jk=27bad90b7dd083ad
Sr. PYTHON DEVELOPER,AGILEWIT SOLUTIONS,"Lewisville, TX 75067",https://www.indeed.com/viewjob?jk=46c798ebcda00d7d
Data Scientist,S&P Global,"Remote in Bennington, NE 68007+40 locations",https://www.indeed.com/viewjob?jk=bbd54e0e7ce2b82f
Research Scientist,Amazon.com Services LLC,United States+7 locations,https://www.indeed.com/viewjob?jk=8ab44e4353fcad09
new,Victory Bay Recovery Center,"Remote in Laurel Springs, NJ+1 location",https://www.indeed.com/viewjob?jk=86e8d0d500c79d78
Data & Visualization Librarian,North Carolina State University,"Hybrid remote in Raleigh, NC",https://www.indeed.com/viewjob?jk=6858b93feda00340
Software Engineers,ModelOp,"Remote in Salt Lake City, UT",https://www.indeed.com/viewjob?jk=a68264b6dda69a56
new,Apple,"Austin, TX+33 locations",https://www.indeed.com/viewjob?jk=708f14aac5a5235c
new,Bank of America,"Dallas, TX+4 locations",https://www.indeed.com/viewjob?jk=9b73555eb26193c7
new,Braintrust,"Remote in San Francisco, CA+2 locations",https://www.indeed.com/viewjob?jk=cc424505f92ecdb7
Core Software Developer (Python),Company3/Method Studios,"Santa Monica, CA",https://www.indeed.com/viewjob?jk=da8150bd614b4628
"Global Digital Loss Prevention Analyst (Open to remote work,...",Nike,"Remote in Beaverton, OR+5 locations",https://www.indeed.com/viewjob?jk=8128d6c568e97c0b
Trader,SeatGeek,+1 locationRemote,https://www.indeed.com/viewjob?jk=cf4d43a8750a6310
Research Fellow,MIT,"Cambridge, MA 02139 (MIT area)",https://www.indeed.com/viewjob?jk=b74005db9926d2ba
Python-Developers,Celandyne Software Solutions,"Santa Clara, CA 95050",https://www.indeed.com/viewjob?jk=e004e922fdd74fe6
Software Engineers,Data Sys IT,"Remote in Grapevine, TX",https://www.indeed.com/viewjob?jk=d6c1cb9bde3c5a0c
new,RFA Engineering,"Des Moines, IA 50309 (Downtown area)",https://www.indeed.com/viewjob?jk=e2bdb9342d3d060a
Full Stack Developer,Bisnow,+4 locationsRemote,https://www.indeed.com/viewjob?jk=3a9fbdee62d4a220
